titles,category
"'5500만 구독자' 20대 틱톡커, 성폭행 혐의 유죄 확정",Social
"'5억 먹튀' 강남 유명 미용실 원장…월급 밀린 직원엔 ""신뢰가 그리 없냐"" 큰소리",Social
"의대 총장들 '내년 모집인원 3058명 동결' 합의···교육부, 내일 공식 발표할 듯",Social
[단독] 일면식 없는 초등생 강제 추행한 남성…경찰 수사 중[세상&],Social
화장실서 숨진 채 발견된 태아…20대 친모는 '범죄 혐의 없음' 왜?,Social
충주 평택제천고속도로서 BCT차량이 6대 추돌…6명 중경상,Social
[단독] 미아리 텍사스촌 명도집행…철거 항의 농성도(종합),Social
"‘구독자 5500만’ 인플루언서, 성폭행 혐의 징역형 집유 확정",Social
사격 훈련 중 '탕'…머리 다친 20대 순경 중태,Social
"'몰카범' 래퍼 불러 ""사진은 몰래 찍고 올려야 제맛""…개그맨 농담 '공분'",Social
"""그 브랜드 올드해""…초등생 입학 선물 뜯지도 않고 돌려준 친구 '시끌'",Social
부산 경찰기동대 사격 훈련 중 실탄에 맞은 순경 중태,Social
신안산선 터널 사고 지반 움직임 감지...실종자 수색 일시 중단,Social
"""유부남인 줄 몰랐다""…배우 하나경, '상간녀 소송' 결국 패소",Social
러브샷 5단계에 성희롱까지…조선대 신입생 MT 말썽,Social
"""쥴리할 시간이 어딨나""…'김건희 명예훼손' 혐의 현직 검사, 2심도 무죄",Social
‘여신도 성폭행’ 징역 17년 JMS 정명석…강제추행 등 혐의로 추가 기소,Social
"검찰 출신 박균택 민주 의원, 이복현에 “소신에 경의 표해”",Social
"경찰, 대통령실 압수수색 시도…경호처와 6시간째 대치중",Social
'발밑이 불안하다' 전국에 싱크홀 비상…지자체 점검·대책 분주,Social
“도끼로 깨서라도 구할걸”…세월호 구조 나섰던 선장의 후회,Social
"尹탄핵반대 집회서 애국가 부른 이철우 경북도지사, 무혐의 처분",Social
[단독] '격리 환자 사망' 부천 유명 정신병원 압수수색,Social
"'구독자 수천만' 유명 인플루언서, 성폭행 혐의 징역형 확정",Social
"“볼드모트 몸이 이렇게 좋았어?”… 62세 랄프 파인즈, 나이 잊은 복근 비결은?",Culture
[날씨] 내일 더 따뜻…중북부 곳곳 비,Culture
'실적 부진' 포르쉐코리아… 할부금융 회사는 웃었다,Culture
‘연매출 700억’ 인생역전 와플왕…“지하실까지 갔다 온 인생”,Culture
[날씨체크] 금요일까지 낮 초여름 기온···일교차 10도 이상,Culture
배우 박정민 “기자님 안녕하세요” 직접 신간 보도자료 보낸 사연,Culture
임상 2상 유효성 입증 실패에 브릿지바이오 이틀 연속 하한가[Why 바이오],Culture
"""꽂을 데가 없네""… 부족하고 낡은 전기차 충전시설",Culture
"식물성 단백질 vs 동물성 단백질, 101개국 기대수명 보니…",Culture
14억 가톨릭의 수장 교황…한 번도 북한에 못 갔다고? 왜?,Culture
“가장 인간다운 시간은 마중과 배웅할 때…인간다운 정서는 그곳에서 나와”,Culture
"“한국지엠 철수 루머엔 무대응, 신모델 계속 낼 것”…캐딜락 ‘더 뉴 에스컬레이드’ 국내 출시",Culture
"KT “티빙·웨이브 합병, 주주가치에 부합하는지 의문”",Culture
트럼프 행정부 약가 인하 정책 추진…K바이오시밀러 수혜 기대,Culture
"[날씨] 내일 오늘보다 더 따뜻, 일교차↑...중북부 약한 비",Culture
"두산에너빌리티, 대한항공과 항공엔진 개발 협력",Culture
"""키우던 반려견 때문에?"" 눈 찢어지는 사고… 포메라니안 등 소형견도 주의",Culture
"""넷플릭스 'K콘텐츠', 미국산 이어 세계 2위 인기 누린다""",Culture
"“아이가 곁눈질 습관 있다면, 소아사시 검사 서두르세요”",Culture
"""기력 떨어지더니""…심장이 축구공만해져 맥박 없이 사는 女, 어떻게?",Culture
"""철수설 루머 대응 안해""... 한국GM 부평공장은 2만대 증산",Culture
"BMW·벤츠와 ""獨 3사""로 불리던 아우디…'절치부심' 통했다",Culture
"성인 된 ‘대치 키즈’, “지금까지도 정신과 치료”… 과도한 학업 스트레스, 이대로 괜찮을까",Culture
"[날씨] 기온 껑충, 내일 초여름?‥봄바람 강해",Culture
